target,representation,model,Q2,RMSE,MAPE
T5,family mean,-,0.7056582576626484,13.97123433493798,4.011973389354816
T5,TFI,ridge,0.7732663156022153,12.262156975167308,3.389770035390295
T5,TFI,PLS,0.7030920887641239,14.032005094019386,4.153672981009904
T5,PI,ridge,0.0659316365682601,24.88846889912443,6.218547259738829
T5,PI,PLS,-0.3171732562882015,29.55495489999809,7.669385178601254
T5,peaks: position,ridge,-0.2211903254515195,28.457747809018965,7.28887891728444
T5,peaks: position,PLS,-0.2381834237511786,28.655061284298345,7.119584891623479
T5,peaks: + intensity,ridge,0.5611729219883248,17.059078114249274,4.484820250637649
T5,peaks: + intensity,PLS,0.477852853349467,18.60824019839928,4.641437989892864
T5,peaks: + width,ridge,-0.0564568873329611,26.46882960784752,7.234282350208272
T5,peaks: + width,PLS,0.0327638279765155,25.32649633137662,7.418411273754994
T5,peaks: + area,ridge,0.4118274483715345,19.74973285420191,5.095479173048525
T5,peaks: + area,PLS,0.5043874688173102,18.129256273221507,5.018995410324687
T5,peaks: + prominence,ridge,0.7225558858566488,13.564275648212972,3.2947578817659853
T5,peaks: + prominence,PLS,0.6844498540507054,14.465819490560571,3.730830772307208
T5,peaks: all five,ridge,0.5871773531073817,16.54590802565558,3.610525250831375
T5,peaks: all five,PLS,0.5918026469997217,16.452956175458443,3.7370268313726016
T5,raw spectra,ridge,0.5808926841809781,16.67137689090927,4.280579558434897
T5,raw spectra,PLS,0.2991055115662425,21.55932558799168,5.811693927183738
T10,family mean,-,0.6203361622073909,18.533628816248832,4.374057389541709
T10,TFI,ridge,0.7092273094344883,16.219507083598074,2.8435869301374086
T10,TFI,PLS,0.7057724482084264,16.315579856168156,3.3630446502768385
T10,PI,ridge,-0.1752897357050531,32.60868727689434,7.235424545151655
T10,PI,PLS,-0.3943631127748772,35.51802321663343,7.391110254000016
T10,peaks: position,ridge,-0.1309200828259895,31.98724246607012,7.17548263389782
T10,peaks: position,PLS,-0.0297775107347018,30.523374536047548,6.467166803499144
T10,peaks: + intensity,ridge,0.7043262595584999,16.355627912911967,3.922315251324533
T10,peaks: + intensity,PLS,0.6164470251869418,18.62831280298957,4.388040790883277
T10,peaks: + width,ridge,0.088078458388659,28.72364705172125,6.145308160622312
T10,peaks: + width,PLS,0.0248094952560744,29.70335981740089,6.756862886437327
T10,peaks: + area,ridge,0.6014197042516469,18.98972854957293,3.86001734409621
T10,peaks: + area,PLS,0.659750368913224,17.54525464100545,3.823005651507685
T10,peaks: + prominence,ridge,0.6786829578757305,17.050131167629385,2.874012834160437
T10,peaks: + prominence,PLS,0.6782728903447227,17.06100745954501,3.0977234927158626
T10,peaks: all five,ridge,0.6008716819102415,19.00277889463685,3.27334361553047
T10,peaks: all five,PLS,0.6276758687483452,18.353607360999145,3.330896084346032
T10,raw spectra,ridge,0.7283476028945709,15.677168095859232,2.862392582101113
T10,raw spectra,PLS,0.526708977273131,20.693072419682103,4.457139553270404
T50,family mean,-,0.7976452920756432,18.724047565993523,3.4945784545194662
T50,TFI,ridge,0.4562300625095525,30.693801214019288,5.020088646418972
T50,TFI,PLS,0.3727886773686809,32.964768038197576,5.616006999177758
T50,PI,ridge,0.0065524049062481,41.48733714254018,7.507858868254551
T50,PI,PLS,0.0387466972054776,40.80956840064889,7.509515535201149
T50,peaks: position,ridge,0.1473027121501694,38.43620668201861,6.505954029020901
T50,peaks: position,PLS,0.3019720069288554,34.775989734082984,5.860670259228858
T50,peaks: + intensity,ridge,0.6970842892779017,22.90888639223176,4.403359419245347
T50,peaks: + intensity,PLS,0.7005097543243565,22.778987709102683,4.2816290453426005
T50,peaks: + width,ridge,0.4362718873947929,31.2520079297733,5.947914693349713
T50,peaks: + width,PLS,0.2191076538890489,36.782281372780346,7.709426652323314
T50,peaks: + area,ridge,0.6296612525383816,25.33043546154607,4.721069715544273
T50,peaks: + area,PLS,0.5353357782330526,28.373485946715004,5.040332709122102
T50,peaks: + prominence,ridge,0.4497007207992495,30.877529918783377,5.086568371357926
T50,peaks: + prominence,PLS,0.4962796736497997,29.541858746839683,5.102202191350526
T50,peaks: all five,ridge,0.5688877723985752,27.329913029529397,4.765182454694348
T50,peaks: all five,PLS,0.5822339407429612,26.90355407599624,4.807256689768097
T50,raw spectra,ridge,0.5557259788327154,27.743965680486685,4.107635557658031
T50,raw spectra,PLS,0.5948332353766527,26.49475976156186,5.1099259857257415
T_dtg_peak,family mean,-,0.6241099134919688,34.0936291927502,6.038554349335764
T_dtg_peak,TFI,ridge,0.3228984980823717,45.75827941644692,8.818360097766078
T_dtg_peak,TFI,PLS,0.27283297181889576,47.41981841787179,9.287203348302473
T_dtg_peak,PI,ridge,0.12815361760443011,51.92335929031273,10.650648607345428
T_dtg_peak,PI,PLS,0.0916693062474887,52.99864817560344,10.369942320319211
T_dtg_peak,peaks: position,ridge,0.16678089113515548,50.76009287785424,10.261412195933318
T_dtg_peak,peaks: position,PLS,0.30631622700347416,46.315202269447326,9.249499065266775
T_dtg_peak,peaks: + intensity,ridge,0.5288386609211362,38.1704799794987,6.769954127464481
T_dtg_peak,peaks: + intensity,PLS,0.5428851952381696,37.59719466003675,6.990300302024775
T_dtg_peak,peaks: + width,ridge,0.253797122158711,48.0364889991865,10.321233040088707
T_dtg_peak,peaks: + width,PLS,0.26436276376848267,47.69519727215851,10.115254145513427
T_dtg_peak,peaks: + area,ridge,0.32469773695981374,45.69744301224787,9.650705463001147
T_dtg_peak,peaks: + area,PLS,0.2432180290633278,48.3758028803391,9.674071460083303
T_dtg_peak,peaks: + prominence,ridge,0.3056293306297506,46.33812760949923,8.744198698733129
T_dtg_peak,peaks: + prominence,PLS,0.329690951199462,45.52818511828968,8.930537986322612
T_dtg_peak,peaks: all five,ridge,0.33477465138149,45.355211059289026,9.476578132728426
T_dtg_peak,peaks: all five,PLS,0.258751371424658,47.87675960387665,9.819888973051137
T_dtg_peak,raw spectra,ridge,0.27804611451523076,47.2495336495647,8.993034763053465
T_dtg_peak,raw spectra,PLS,0.3511928561273373,44.79201593019612,9.098130740290419
residue,family mean,-,0.7052147960468795,2.5720251327260355,59.413428820826574
residue,TFI,ridge,0.4940833831843775,3.369471903623751,85.82330606581323
residue,TFI,PLS,0.5069183117329319,3.3264561624241784,85.24591726627315
residue,PI,ridge,-0.36589796509570105,5.536451456060088,152.1546709314077
residue,PI,PLS,-0.3156095224669382,5.43357757032752,102.06545128692268
residue,peaks: position,ridge,-0.4146590307896809,5.634407526303708,121.01781742380557
residue,peaks: position,PLS,-0.50621983487632,5.813886491995717,109.9844141981775
residue,peaks: + intensity,ridge,0.3848423270974035,3.7154856646450756,65.37312609836206
residue,peaks: + intensity,PLS,0.4562817719980159,3.493086286612541,62.23957042355617
residue,peaks: + width,ridge,-0.29933026002504604,5.399855568160391,177.1912756732761
residue,peaks: + width,PLS,-0.26528927306999806,5.328651041340736,158.91305462264472
residue,peaks: + area,ridge,-0.15600189192789982,5.093327941424239,89.15586996185743
residue,peaks: + area,PLS,-0.16984702128359452,5.123737881273335,93.61433681920369
residue,peaks: + prominence,ridge,0.6171642936129131,2.931086166358072,56.94456744759684
residue,peaks: + prominence,PLS,0.5459970870964375,3.1919177144664284,68.24408331362916
residue,peaks: all five,ridge,0.3535426751742765,3.808836213742337,75.6376125666009
residue,peaks: all five,PLS,0.35282926548105087,3.8109372893379567,75.10362043824696
residue,raw spectra,ridge,0.8765685317071551,1.664314185944709,23.001901989578414
residue,raw spectra,PLS,0.8688502437213539,1.7155607884374355,25.48624460330925
