artefact,level,amplitude,unit,representation,self_retrieval,self_retrieval_sd
baseline drift,0.0,0.0,fraction of the absorbance range,baseline: raw spectra,1.0,0.0
baseline drift,0.0,0.0,fraction of the absorbance range,PI (fixed threshold),1.0,0.0
baseline drift,0.0,0.0,fraction of the absorbance range,TFI (fixed threshold),1.0,0.0
baseline drift,0.0,0.0,fraction of the absorbance range,TFI (adaptive threshold),1.0,0.0
baseline drift,0.25,0.1,fraction of the absorbance range,baseline: raw spectra,0.8512820512820513,0.05229763603684908
baseline drift,0.25,0.1,fraction of the absorbance range,PI (fixed threshold),0.8358974358974359,0.057563959796522186
baseline drift,0.25,0.1,fraction of the absorbance range,TFI (fixed threshold),0.846153846153846,0.0458680610769188
baseline drift,0.25,0.1,fraction of the absorbance range,TFI (adaptive threshold),0.846153846153846,0.0458680610769188
baseline drift,0.5,0.2,fraction of the absorbance range,baseline: raw spectra,0.7128205128205127,0.05229763603684905
baseline drift,0.5,0.2,fraction of the absorbance range,PI (fixed threshold),0.635897435897436,0.06363935203072234
baseline drift,0.5,0.2,fraction of the absorbance range,TFI (fixed threshold),0.6564102564102565,0.05523245956035388
baseline drift,0.5,0.2,fraction of the absorbance range,TFI (adaptive threshold),0.6564102564102565,0.05523245956035388
baseline drift,0.75,0.30000000000000004,fraction of the absorbance range,baseline: raw spectra,0.558974358974359,0.06363935203072234
baseline drift,0.75,0.30000000000000004,fraction of the absorbance range,PI (fixed threshold),0.4512820512820513,0.09539012942429885
baseline drift,0.75,0.30000000000000004,fraction of the absorbance range,TFI (fixed threshold),0.5230769230769232,0.06607230116269296
baseline drift,0.75,0.30000000000000004,fraction of the absorbance range,TFI (adaptive threshold),0.5230769230769232,0.06607230116269296
baseline drift,1.0,0.4,fraction of the absorbance range,baseline: raw spectra,0.4666666666666667,0.08488689926793255
baseline drift,1.0,0.4,fraction of the absorbance range,PI (fixed threshold),0.3641025641025641,0.09917476720930109
baseline drift,1.0,0.4,fraction of the absorbance range,TFI (fixed threshold),0.4564102564102564,0.06153846153846152
baseline drift,1.0,0.4,fraction of the absorbance range,TFI (adaptive threshold),0.4564102564102564,0.06153846153846152
wavenumber shift,0.0,0.0,cm$^{-1}$,baseline: raw spectra,1.0,0.0
wavenumber shift,0.0,0.0,cm$^{-1}$,PI (fixed threshold),1.0,0.0
wavenumber shift,0.0,0.0,cm$^{-1}$,TFI (fixed threshold),1.0,0.0
wavenumber shift,0.0,0.0,cm$^{-1}$,TFI (adaptive threshold),1.0,0.0
wavenumber shift,0.25,4.0,cm$^{-1}$,baseline: raw spectra,0.9692307692307691,0.010256410256410265
wavenumber shift,0.25,4.0,cm$^{-1}$,PI (fixed threshold),1.0,0.0
wavenumber shift,0.25,4.0,cm$^{-1}$,TFI (fixed threshold),0.9948717948717949,0.010256410256410265
wavenumber shift,0.25,4.0,cm$^{-1}$,TFI (adaptive threshold),0.9948717948717949,0.010256410256410265
wavenumber shift,0.5,8.0,cm$^{-1}$,baseline: raw spectra,0.8717948717948719,0.028088336282316235
wavenumber shift,0.5,8.0,cm$^{-1}$,PI (fixed threshold),1.0,0.0
wavenumber shift,0.5,8.0,cm$^{-1}$,TFI (fixed threshold),0.9948717948717949,0.010256410256410265
wavenumber shift,0.5,8.0,cm$^{-1}$,TFI (adaptive threshold),0.9948717948717949,0.010256410256410265
wavenumber shift,0.75,12.0,cm$^{-1}$,baseline: raw spectra,0.7897435897435898,0.02990231740946305
wavenumber shift,0.75,12.0,cm$^{-1}$,PI (fixed threshold),1.0,0.0
wavenumber shift,0.75,12.0,cm$^{-1}$,TFI (fixed threshold),0.9948717948717949,0.010256410256410265
wavenumber shift,0.75,12.0,cm$^{-1}$,TFI (adaptive threshold),0.9948717948717949,0.010256410256410265
wavenumber shift,1.0,16.0,cm$^{-1}$,baseline: raw spectra,0.6717948717948717,0.025122971720853104
wavenumber shift,1.0,16.0,cm$^{-1}$,PI (fixed threshold),1.0,0.0
wavenumber shift,1.0,16.0,cm$^{-1}$,TFI (fixed threshold),0.9948717948717949,0.010256410256410265
wavenumber shift,1.0,16.0,cm$^{-1}$,TFI (adaptive threshold),0.9948717948717949,0.010256410256410265
additive noise,0.0,0.0,fraction of the absorbance range,baseline: raw spectra,1.0,0.0
additive noise,0.0,0.0,fraction of the absorbance range,PI (fixed threshold),1.0,0.0
additive noise,0.0,0.0,fraction of the absorbance range,TFI (fixed threshold),1.0,0.0
additive noise,0.0,0.0,fraction of the absorbance range,TFI (adaptive threshold),1.0,0.0
additive noise,0.25,0.0125,fraction of the absorbance range,baseline: raw spectra,1.0,0.0
additive noise,0.25,0.0125,fraction of the absorbance range,PI (fixed threshold),0.09743589743589742,0.010256410256410253
additive noise,0.25,0.0125,fraction of the absorbance range,TFI (fixed threshold),0.7538461538461538,0.041661735408389536
additive noise,0.25,0.0125,fraction of the absorbance range,TFI (adaptive threshold),0.841025641025641,0.059363266168154995
additive noise,0.5,0.025,fraction of the absorbance range,baseline: raw spectra,1.0,0.0
additive noise,0.5,0.025,fraction of the absorbance range,PI (fixed threshold),0.03076923076923077,0.010256410256410256
additive noise,0.5,0.025,fraction of the absorbance range,TFI (fixed threshold),0.5282051282051281,0.030769230769230778
additive noise,0.5,0.025,fraction of the absorbance range,TFI (adaptive threshold),0.6461538461538463,0.041025641025641005
additive noise,0.75,0.037500000000000006,fraction of the absorbance range,baseline: raw spectra,0.9897435897435898,0.012561485860426564
additive noise,0.75,0.037500000000000006,fraction of the absorbance range,PI (fixed threshold),0.02564102564102564,0.0
additive noise,0.75,0.037500000000000006,fraction of the absorbance range,TFI (fixed threshold),0.28717948717948716,0.07324541977992667
additive noise,0.75,0.037500000000000006,fraction of the absorbance range,TFI (adaptive threshold),0.43589743589743596,0.04865042554105197
additive noise,1.0,0.05,fraction of the absorbance range,baseline: raw spectra,0.9897435897435898,0.012561485860426564
additive noise,1.0,0.05,fraction of the absorbance range,PI (fixed threshold),0.02564102564102564,0.0
additive noise,1.0,0.05,fraction of the absorbance range,TFI (fixed threshold),0.12307692307692308,0.052297636036849074
additive noise,1.0,0.05,fraction of the absorbance range,TFI (adaptive threshold),0.3487179487179487,0.05279810328711283
intensity envelope,0.0,0.0,relative amplitude,baseline: raw spectra,1.0,0.0
intensity envelope,0.0,0.0,relative amplitude,PI (fixed threshold),1.0,0.0
intensity envelope,0.0,0.0,relative amplitude,TFI (fixed threshold),1.0,0.0
intensity envelope,0.0,0.0,relative amplitude,TFI (adaptive threshold),1.0,0.0
intensity envelope,0.25,0.125,relative amplitude,baseline: raw spectra,0.8820512820512821,0.02051282051282053
intensity envelope,0.25,0.125,relative amplitude,PI (fixed threshold),0.5025641025641026,0.06196433832612601
intensity envelope,0.25,0.125,relative amplitude,TFI (fixed threshold),0.4871794871794871,0.042905642386362824
intensity envelope,0.25,0.125,relative amplitude,TFI (adaptive threshold),0.4871794871794871,0.042905642386362824
intensity envelope,0.5,0.25,relative amplitude,baseline: raw spectra,0.635897435897436,0.05229763603684907
intensity envelope,0.5,0.25,relative amplitude,PI (fixed threshold),0.3076923076923077,0.06686361441233485
intensity envelope,0.5,0.25,relative amplitude,TFI (fixed threshold),0.3641025641025641,0.02512297172085311
intensity envelope,0.5,0.25,relative amplitude,TFI (adaptive threshold),0.3641025641025641,0.02512297172085311
intensity envelope,0.75,0.375,relative amplitude,baseline: raw spectra,0.5076923076923077,0.037684457581279654
intensity envelope,0.75,0.375,relative amplitude,PI (fixed threshold),0.16923076923076924,0.02614881801842454
intensity envelope,0.75,0.375,relative amplitude,TFI (fixed threshold),0.2923076923076923,0.04755701792561901
intensity envelope,0.75,0.375,relative amplitude,TFI (adaptive threshold),0.2923076923076923,0.04755701792561901
intensity envelope,1.0,0.5,relative amplitude,baseline: raw spectra,0.43076923076923074,0.019187986598840738
intensity envelope,1.0,0.5,relative amplitude,PI (fixed threshold),0.14358974358974358,0.02051282051282052
intensity envelope,1.0,0.5,relative amplitude,TFI (fixed threshold),0.2358974358974359,0.04971979340939825
intensity envelope,1.0,0.5,relative amplitude,TFI (adaptive threshold),0.2358974358974359,0.04971979340939825
